{"file_hashes":[{"block_hashes":["JYW1648X4HwPvjmC2pfllq+eFmt7R5Xz1ZWHsUAa4aM=","pjtFBiI8K2jfGeDuI2NEEZQb1mT7EZ5LSgJbmAoz13c=","tte0d1SzZdSOla8gikqDMpy3T/2NKmj0BQf60DtOeNU=","qUov3MuhcAV+lHHUKY/hNCHc8t4xlsL/Ky7/3pGXxN4=","lSXGNSinNuL00JGinNj+YAXfVFUl94LgOAIynLuWa/I=","vjevnBGJBXbgHjrdlHsvAlbOgQ1wq68hJWAKuHKnRHo=","1JbUFsm0ka4b1+sAddHvpCtYpdKVM4IANdNcWE0F8mw=","4j2Inll/MxG5t7RbimXPVj5bbNeGaTTYNo9SJDQHboE=","ooeJVv7bubKJel+hN6zXpEv4Goo37VG5V3WUanKwQps=","fE851/jT0ySWBylAX07bcooAIqgKuiSQlPNcy75QuuQ=","b6/tg3L4panai93BmVcogKePs8SHWk8nyrlBBsz+TaU=","d7A4clHBXX77C9kMk0jhy2X3UjkwfsWJJAgr6yKoELY=","LAn/r5uO3JF3JR7nv/L3VufCgRKy1S4mrY+5RkBYbPs="],"block_size":4096,"path":"content.903826e2.js"},{"block_hashes":["XPFllC5V42qjmpFId+sHJcU/ema1Y/peEacjVJoOxD8=","rPVpwYK1IbsUKjkC1hEmUswYy73EtQ7bUrHLXLdahQU=","b/NDCkXG6uxPskIqm4JkCaQCqXXgEmVUK+qzQIt/Pts=","G8nyQ6UHztTH/PHkmNZK+8YtuqKKctFYZWwyn29RaXk=","fOuYsB21IwTYa6DtzR1aQHCIF5HXmw7j3xUAlOeX4Sc=","itvJ2dQeiT+MvRrrYcaMp+qHuJSgWgj96CZzWnNylkA=","DC+AEALSunE5dPs2jBm+A5dffJoDYns4a7TVtLOsAZk=","Iq4Ff/xtu+QypGr/1FIkjXQFsawNk8wa5iIVvGK9Ges=","DiH8J9S1xfN1L+YbqZaQl8fZsee2CeeSVG/tvXUV/gg=","MeRduhB7i7s6aldLTRiXq1NEWDj7m2VlN+ZbP5k3F5o=","b9LmVb6S2mXnTAzmRtFt8ZUoVK6dgOHaxnnPYbuOjdA=","AjE1k4veBqLY+VQ8tTtgBQqyBTTPEVCaoAfK8ZVqXFA=","9eebUNQVRJzLucYNrGgRjxC2Gcu/bnuS69D2WVH9Oio=","ScD+vg93o22B1QDaT915sR8Nek3KdliKwlZjeQ1WWXQ=","i7fEqyMwX56a9Dum4psXxaQSEzUBp4TiRYXYzhmn/2o=","UxdArDgAr1ALEYz1WBhlm/AqtZv/nksJPPaRRKTWRoE=","WcKTQ5AwX2pWGzGg618AoF14xH1Oi/StUNpUxnv96DA=","ypDQChkiu8fQImp61fONbUy7Dls2f8rCS7JYgHg8NVs=","bEE+gZ0AdGCFBMlfQT2d6I5ryPRFsO3PTxq9VHx94BY=","XcGOn/lInxGlLYhmeyx2Tm+RWrVDC5JjYMf+0f5har8=","vLEbGA6Ve7lN38plfUmpS1Ykepi8ahTeJKj1wBHaQCg=","TSxGOylurzLDo6zlbbYEfr1tGfvTyol5rfSCREle9E4=","h4bIN86LkZj1C77KyrFKA7r4X2eZC8h+RIlZ9yEVWyo=","PJKZnb7MATxx1vOTfcDg8MotwxVWOJo1nyhAi6oP4Dk=","VvBoMrkxb4qM2suIWdWEXeftVfzwwyrDzlRwpcMTGyM=","nfqgP1Y5dqN5W7wQ/WTarZCrk4wCycXvnL1IeNOidMI=","JH+rctWfi8iv+ywJ8mKS6YQpjCq7ff0/P+ML5CEn16k=","HbdyvfKBGBCavtgSRxjV/7tgV+kx+xuMTKcupexXQSY=","ynVZ6/IJFn2OC3yGpRtqah1RRkjInO1It9oMlOYDnjs=","LYhOCRivWxfrxhzlNrA5zRuI74+E9z04s9eFHqMwtDk=","zIUjEHdsboD1PzxTHd/MfDVxD4r+IppxjKNPF+zxLj8=","IbsOBcou4bibnykL7rnGOa5kiVhxwC+0w08eDU2/Zp4=","YX5rTfegNCtD1CRzqxaY4tb+59Bixsbfp63zXIPl3SM=","nQRyUVIGWRM+vmbyI5VfLQvJsU9qhr/ZUspFfB2czoU=","ZGN4YGYRRHGZR6lXO5IOJZtFxITMJGWMQPU45R2qTj4=","/2BSK9uyhdhP0hkCK06++h8w1/53Ilpvu4nM0XvT+A8=","uAqv9eDo+BS8RDM5riFJuU92pQ+ofBmDwCg8uRlna50=","FnJnFnDzduqdnKhNhBBaeB38duYsi+5I9IJ/fFllnjk=","E7k1qDe4P1rd9IhG6JUw9UJPIJz6tiuFDHeNR3Ld1ds=","oN2SI6PiTa5/1U+aIfiYGCq5wDA7XVDG8D4TOPzv7Hc=","Tf5owT7NnqM1sWhF6pXPnWoC21BDuM9KISG9lV5fI1k=","mYiYn4Gpd8JXPhRId1KlpkJizPd/3hnxhhyIynJqD18=","jMRitx7t2/8Mphp5+2ovJqLOx9nztbvKVm9iCL3tTLM=","c1PQBmJmsFQHaKfuGvASY1rga4Wfhe6RFZozSJ1gRI4=","6Jq0o6XCiM53YbCAv/ISo1CSo4Id9JoDguyNE/sgwE8=","NsYC1KI/Yc091auljmo5J/lBzM1OVvfNceg1gsoFZEE=","Q2gB5BWV60B0PvzySXicQs/0amp6HXkR3CVBkE/oUjg=","iGZ6GCEUkXQuqMwD5Uy9ZQdL0ZMp+n+yDQ7R/kK25oE=","eHQeYEuylMjdv9eEsLfu2c0ar13KwVWI1ynrZ6by3EE=","+hX2yRoAbRvuQXU4dRID56OukXq/3kWuTTzbmySb0u4=","CNRtxbZ1GuDFjZ9TmxOE0faRLLyVm93KYgDZZv/4G1U=","GHbVkNur0MmpsLZwpHnxp1OUj5oO4s9Hxy3A6RCqYKo=","kJnw2jcTqNEfqXQLoTVuiiaN49yoPU6hriE8L9EfaBc=","u5j2rXTXPIP3rVe+hwLUBVnLayESebtrAiVoeF4pkfs=","Ai6NhtilceCeUZT2RBCCgYXg4dJ7K75OA7xbrt7eczs=","/ABkla75+PlG0ziDm7ZoWD5Uo/8nqPqIRTbs9igtEdI=","9TG1UVi04HWc/BnSBaI3jlWzz+W4+QgzymEGUk0jq7U=","NC0+3c1qkPFqAWBf2v/wT8lYSQikq1eJT2YtcyK2rVM=","pzaHN0nqQWP9SXsdHQZNIuSvKg970zHJGzoy9gryWMs=","tIaZ4qg/oSqSQozCYQr3DasPsLfgVW1otoomBqmQlI0=","Xz9e/zN9BXzj69ONolsuOF87/7AFsed9Ni2m0Ezu8JA=","ylnXmUxQivf5y2vUggs3nOge96LACyCfOq+jElXrR94=","OcPzmiEZPvl1FrwUxlGRLbPm12vOzIF5QR7nLFqlWSI=","yrYe7X6991RPJiKQPjeRSkG1U2M0kC/QN+5wVp2oA60=","N1l9Rx4tL47eT+61Tv6f0cVTYoDhd7RyymIeqk4QKrE=","B5LNZIoBW1OIhmWBxj88QH7Uw8hDFU0N9N5b3KfAqZg=","Ai4OG+SO7nSmkVjHMoG8YmSD6gMF27PSborYWimzsos=","R4GQ/KiIW5irmVm9uoC+VjxrVMsWOutQdVeDZijwF/I=","ZKCQ9x2nk7Wcj/YcoNsuHTYXRVYYZGf5VOUJXyKR/+M=","iNNyrhKJJrBrArPhKQGcHkfgw/Tyih4aNlVJ9Td5sK4=","n+G4Y8rPswJTANOnbU9iDNr7Pl+qV8bz9Y+M1bHn05U=","nP2EY4hWzP3GFWLqZcHp0sKrwlOT+e7dXs34CyapSzU=","VcMcpoFVb9px1X5OlZH41o+u01BMTJz4tc0soE/BhM0=","56avFbkFJEZfM/2UDGPMPEZpL+FyAXwrxBADcnLf7Wg=","msgGmwMZkQ39bjM0ky7mk/fcmaDS1XKSQ30esi374Ng=","IoLAumT+uZaOh8/M+z+MHsnP8u69jqJnTY3E2Goyh8w=","VcaEhdXgx3qt0DLlPS4oL2aFo7C7bHLzNxz4J4Rba4s=","L8iL/6E+dbdU9eTDdnhUgSnOAUGcG1f2IFYDaXNazWI=","DQ6q+/NSSlHEPnouMEtodBtzoxmFhxu4ILDt0JdVlXo=","7J5f/iJtMw8WtRmQPTYJVu3gcMdgoCDU0DnceVNmpT0=","x0H1HULb7WnAXoc97DmhasQS6VwajgjYvL0vBMRx7eU=","5W9Ax4U6RPfDt7X1vXNh+kFvdCwJ3r9pRoqgvV6UrCU=","HZgZ0EHKOWf/8i3A2sIXwuSHx4Dnw2Y+HQ6zQRml/x0=","oWSoMDP0Hpk2olT11Uyu2EFnnPY/xVke4P8O8j///Ys=","0ZZZy9f39T4KOVvWgcDbOkz2igNWGr6aWUej42lP9bM=","ufjaM+/uHcmn1p42ou9Dxn4Vz0g5rEf9QDLE3GZ5D5g=","9zKBHc0NoGlH+wo/tLPfdup7IMSJ9b6a11/6vAzkfoU=","Du263Ji+X/jiMA1EC1YCtr25jkAgPPVtGFoYoVoyE9w=","pEOm6KFPuOyNsHaKPeKX2pNSZVqc3T28sHuxsI8crz0=","RtC+C8JtYf8xrkVN062CPbroxvmjRaCdYEv1/dUV6HE=","nJjLXEjZNfJPwQSbsDRqZpg1/aQjhIPr5Hz0IM3quuI=","HK6i1Id4/WMywacmQkW35QEiYxVxf+1IpGxkzj9xhAI=","459ej8aj43nyQc+enhs8dE1xO9eQAhikVqsnEB8bf4Q=","Kj2jOXkCAFXUbsbjf6y6KV88tC19b3M4QyFh0TMj0XE=","rEWlyym2FqwPKMYkXu6kjX3GV2lzRYL2NeJYNVVkD3o=","C7l/zDRaMykMGQKrlSpL8KteahbydKGxRiwCESJOqlo=","ioX7o1Fvb+/PgMareZT7bzYJoRSuGEzAnU7L1UlxxGk=","c3XxqTos3XMKEKUmW+oAhPn8isIpsfCqVb1qWBhqGjs=","zyLp/NkE37C1fmsbd64/Y3wmtnv8PG8DV3FexBJoGVk=","rmyAqnXQLuHhiDnel5rXUEvWrk6tZViynidx4YMcz5o=","YWHRltpbrnZmf/vs7ZPYM2FhH79fZP7KxxWG1Lg4078=","tUQCWXn9m0RtQGq7GtgIuz5D+9NPvZVGUapaip9JzKI=","k5Dwyrv08eyKqA+AMdvL+cMx+a1Er9MSRL4tFKg3LWc=","8rF/qA4IyWj2yjz5okfRS0/RbY9fZyFXWPFPREg0Rlc=","8tcKHk3YYY2zaNvFMU5Lf/93L+19Q/kTeCk/+ZPRhL8=","FyM6lXxPTpVy3a/dOwpGnDsWOqY2vYb4eHoiKTInAqA=","dwKFvefj2TQcKaJCKCpmwj8gN0ax2kklBhpf1fYDIdI=","8xJqVDcZMiFSkysHRkEr7uhiSBhOMXFqiQPGutmOpBM=","exHPHT02PAjxvG7wAVOwS5vGwTiBv0MbYP+2qmzch5c=","ilVMwRbJKdwUo0Mz0YyajT7jVfj9JN+TZo+hpUURQ1o=","o4M9KSX1UMvJxB1Qi+Nm7vg9KFhBK+FhxkXJ6O850dc=","MNpECJHykVvgMDTZqkyqDr4TYpl9wdgQAYt7m+GcQ+Y=","AcUtxfeE+JgheK3HSdvolT73JM1CqmhwhqFacwj/Ggo=","HHMsc98PFx2ALoCByyhnjLAuE57iAfcEucm+nuBvibo=","y8t1iTa6MFCXODij455IGDORFlPxKZ+FOvzySGOrV/A=","pJCHcNA7iL4i54/qtXufspvMK+78YXPgj4XMnXjPZpY=","cGmnQcrMKBSgiMP67/rXESvteVpQxgPMVOPfb826sJI=","6PzKm0ssREDYpptj7QagIgGseGFkM1vx+eXlrtX0F4g=","3y7MXEP6RI8FNoZJMnA+Gc6Dgx1uLE6apQZvFb1c6O4=","IoleotLr3MTO0YmXusfVwtdgXlNawE439gQyBdKt+9w=","G5t8k4si253ft54lXTn29bCnQdQQWHgyLd3dNM/Fn/c=","yn7JZk6lJTuAJsJsZ+isJjS6nSoDhsk/RVCPIMvGuSo=","vEOVo7sRsrQf//A0Ws1JtIHz1halQxtsCqQHBt6GkEY=","LMVeK9DaseE9d1JsaINKAMq7Nc6FNBTYouiSIVPKXG4=","GPDN6y0vfjVNUM8H5q8t3wMrqhgu/Z0spveiola1Zm4=","2TZijaW8VhjtFKmXlrgd/27ZvhdgX1RaBmbtiguM5Ek=","jD5Ki0xXk+HTTzNUpCyYgPrGvEgDHxRz/KJPRgwRONM=","dNihyyGaqKgkovyLQ+KRSZqGPZFvZ5MsSC1PNaTAHn8=","/oGm2itQafURkclGJtZE0LjYJg2rN7+2hNwk2mjWL+s=","Zl42S++eEAI8nbh4zPJ9LPkNphv/0n9lE/VUyfTZhr4=","d5hi7cFY/yJOPaR4Xq56Oi9R0lEJ62h5LHVE5yvasZU=","cvn9ZuycNXl54Ig7C8EvdJ2f6BQRxbczUQZuT3JqnGE=","RNLpqB2XieYqpCcjujBnuIUjODyYuD0IzfF8TXBaBZs=","qd56Xu4gVkhmZJBEt29rb4ydY1sb1qg63UqpEcvAQz8=","lJFAReqfAO4MinBbjwGTCtC7aDinbQdU4cX2x/yzThQ=","UDp8TqvHWGciPmY4cgCpTtuujHXHTqKbeH9OHJmdB7w=","4/kV7spZ2rxYTcQG6ImFKd758cKTuLryYsvLChweE+c=","V4sZp31H6j4FWko784KOiMRQSD/lk+/VB5grt0ZlAv0=","yrARb7oiNqMpIHJ7vwmeIn+LkL1Y8auhOMRz1cdqucQ=","1fC+PV0uYipI6k0to3tVPZZxwDwvH061EUCgZK7HCKU=","A46UUMXhrKpEuGdR2gfV7ltcVA5hewhkwoiVRTf/CxE=","sVHTd5oU04n2kvycq5hQ9r7DTFYepoIub1+rES7DO4Q=","hYf6AnUHXvsnsZUFdIq2YV2BfDEk9o3q1EKH6Hmj8XM=","Zz2bLgpIV7MSt9dmulr9xZkr7Q4eKlUEU3Y7MYV2iC4=","l3arQGz+QC7J2QbtDEA9+l+Sie5iyYHaSX6CePRHjzM=","+OHXWNj7FNitkaYMQ8NlAEmsEeNFG0ZQ84u39zsSGL8=","tyo0IxhxU1attp9U0S81NXQZ7X5bQRmtazKz7dzkqvA=","SREovjn9Zekdw//Lc6RyuhveLHhbVIOpmS95tuhcx6o=","V7YiF4fVnPzbJQN9e6q2TI3cScAKcp3lY2R3ktFxy44=","oar77SjwA1mndojyARdMSh4xDsgRBc4dosq92WJx1gg=","Izc+Wi2bpOWmGcd5u4HLxic3PSNfD8HoX+pMfZk+gMw=","ftJM0nD4qPcSV5HpcHP1+2LQnwxRncTj28tSfTSl8F0=","KXgnQNuc/7LRKDOq4fK2xu2CJKVD9Vhb6YTqOPj2yGc=","NvUiI/umPEPjH7++NYsnQP8rmRNbBWK0ODJWE3hnguo=","LTwO7cIjRHCY5WNveTm+vjwS8cGAJl5WFqsRjHLGkWM=","XM2zpBr9nnyswTY+t/OIlPLgjCzPOjIbp1wqMNDEcIY=","YLoIIukUl9blDRGQAJKtTj/OAhvyZEdy21nKhYDA6no=","HWmZemj/J3KgSj0qzLDcXm1gz+bn61g6FJRjFkfIwE8=","G90tNuDM7v6Z68vNqWlu3lw0wdZ1beE4I61RrnAgoFM=","AN9xpDxkUzllh41NN5MDwxpXBHepN04PYmTXX58mxHk=","+04ljhQG5ANOUy1U4N3QUk3Nvt7LTkMIWQ3hDcTv4Gw=","HasH31tlWpQQ+BX27a9li+GEFlI/FgA7Yec49foIv7c=","JXT85L4qHpx4QWX3Zia4lc9LqxNYhXLx1B+QJnQfvfg=","8c702rd9iUTA/a7hynkIahfO/HhQHRZaXgL0qxFiSJY=","ktAW6sBAH6RXhbuYtW9A/gsWNZ9pG141Bb2NfBs6pRc=","BB/vbFKaGQofwkX/9avAn2TlROncaaeeaqFUAVMQP/s=","prf/RoZPHfGN+leqjDYhxu7bhVbYiiv+hxS01IwvQgI=","erJs4Q7bm3yjdnO0n6n5GZEq/FfbYZzzBbKRki6EwP8=","eF1CCikNBBAUqX2vlf9yVY2ChaG1GiB8IxWKjKZ/Z4E=","BP2raJ1q8xE6m7CyuZzprO9c/eo8eRdE9SMBMmkjAjA=","xuaAJ5H1GkBJ2pTC/QxhBl+GCXK1N0KXGu/wUZPEl2k=","mMkmNNP+DKp0UOWQVyUnj4kaQxK8ROyPPy7dSD55hSs=","+UT4AzjoeV7zP5uqKXqFJ4PYjjGLGsKSdogGCR4cnXI=","HIs7uwv21Kp2wUSTirnPcqK50H2n4t0gwN1ESKXIrhs=","ad94LnsuxJr0o9m57F9IS6WPpUMyXkFihGixX90Isxk=","wzejZCpVUvwI5XDGd82UhaXQ3K1FXeypXAWfkesklJU=","VtBpYV2QkvlIvJVNgIIxzpe/ZMpjOSTAO33ffrp9Ee0=","cy+eVYpBPte2EPObAC4KpkTvhYlN1+dFt0hvLyU1S+k=","UcQA5yvs+6rUZDRl+DfEgj4hv6ksv7MTXM37mQpdWnE=","gYU8tYshaUwIDXuH+bQJKqKGXWajG7Kv8jVfUpNI1Rk=","z/rZDMlHV3HUjQRWMGk1GFl15xwolnua3LdOfdlP01E=","+2JdUMcKT1OKSMF9iuPV39kkqC6vEs2t8zsZOXWIOhY=","qDlf9hWRMNb6G0PYBvTukOobq/OI6o2mgAnpunCVCEQ=","DFfA68i9iQk5Yz5dAz4hTtPhzG4+0TUXFk1EiD8iPes=","AzuzA4V2r695rzUBpYakBfweBMVLDs2QHyYpEtO8BI8=","JFcKp+ONuKg3d0CI9cZ6mutfhn0VXEV+rgfMu58uzxA=","21FIjVwgKfSVzaMPRH1xoDAddTmfTXjK7G22Ss+pYyA=","u29FysqE2VijhOLrYzpk6h9np5JiNFAaGdYwtKcTAzo=","HIXRh+vQkb+yOpXVg1mDP41vNPRks6PGrqb9+KJh250=","3i1WFywbaxg/W3n0tUbNPhyNualafP0J02GRKujAJL0=","ByT57NE7R1bvW/1JgSRGJiKC3ufSaTb0PWFaKdqIcD8=","cCtWKUfj0292qGd6A4DyiQskznGtovk1+uMke2OjAvg=","36laDv+RAmKKyzWg8XpWjjM5p6RfiPiOtI05XdnvvWE=","5NY1iDt2VWmrpeck05EOpezZ+DOsFxikfqoODBmLa0w=","1J0yVU2fu6i7iuAAzcrFPZuxRctUxFgr+rsvEspT4ec=","0BufG6LLwr1k2TbNmGhMh4ZqYxZ+h2sWRlns6Mw3lug=","ww/jGV4EtQrgC/7IuKVfQWg2Uz2gK31rVedYNjnXFDI=","Ju8uW+jNfUgpGCS1fdsXwOpxxY4OoGceGhBhVhpQ1uk=","7TWYxI2f3MQ5N2ccdtujhHU2b2+2vuY7K+Nvn5QfUJg=","9r6DouWL4fo3RcEabS9O8dItKy66WmI082qcWeeNd4A=","jGcXUp0y4ubiUwxZFyNP5V36i8hivujcHnkibmBOFXc=","vUfLiwshdInUVRTDHALv5MO63Myg5pmSEdZegc4Iog4=","ykoSNUSwl4sRE7d2xsiJK2i4Kf6sEvRYGvsQyXSPmJ0=","mYVR69vZFg3hjTbKXjMFfl3FL8GHoDyGlkFOoUCE0Fk=","TTIHhjtBzwc0DhLeiu+5IDL+Z4TGS3DaNDT/Q3P9hbE=","kLpr7OPJ3jC4DFO275z0XiCLuXq0N7ZTflC8onDjeWA=","atXOxkpHR33ZNqcCS/v9zP+mMbps/G4yD6AnLsRT/gY=","ijBLoGZ31m6Xz6NlcnLgexGwk51oduBCA3DygaJM2B8=","GHM1e2+KOxiQx53OKYrSaOmNf4DLzOmdDvj5g9JMdiI=","K73YtuXUTQG0aVEt0MjzUgKdv0I1FCK5Bxb+P8mLakg=","D+5g97K6/274iM6r8a8PykyOYo8KYUUWny40O1P789s=","fBuGBxSr8XLMMh/v2COPeNOvmVObMeb+4U32EYmPPCo=","TPqOzKC9RWxR6uJg95Q+NmaS+kXTgh2XCr/BA4wBT1k=","NDgdG13qgIptv7PXSYW+qknymZlYdEjjr9UXZstO9SM=","mgxDU686xwriAnWjB5kle5b4aLmLJIwFbrrgs90WLBw=","ElXRFMQBLyIyoBUgcYBg+stzRl+9k0zi4B7UIlQ+nY0=","f/8Ks4R8boHNFc346u8g9wYquC6XWkzAWAaetrjHEMQ=","1l2jjM8NrSAA7Rzu/ELLRChPXm6d9T9UJUIQmQB7TnI=","DQUX7HAeTVURZ803QdyFQnQuyO9ZIS7f5NOBvrMhrPk=","aXjT+/IJJt2VUcib32tR3Chr0FoUn1od5tW6FPkUlsE=","h0x3s6pYhf/ellNok3sEcHoQ56EQZqcEFLO12fsbmu8=","2vHMoVHEQLkipgY6/OfAvgeQalrcEdAKaS7+1CE0xs8=","ptywHySFRV4IV8tbWTAypaU6qU9adEDY6dt1/R8O1/s=","E1cZBnqNksWh45kxeIioVnWs8CMwfQ1Ym/rrTDXmePc=","IndaUge/SrTSNohpdh2If9sLv5DXgXcVmFCawu6uuIk=","BDPulMtj++eEPRyt2brlhi5TCpJoG23pf+w9CxzZUGE=","DFjanWGeG/q0DiG58eUDussqQdAETWHXhjgQPf7mY+s=","ZchlqVjxJGUGW3Xi4c44bPNQHgeovLczSwEZmdQ9lWs=","b04L8iUsfbPSZAGblKPXJdhehid5tv6gpjw/XLfmD6w=","TPNyJP3STUoAOmwG3B9n7P7hHpv1R/gCf2mAxSEUMYQ=","hqzrO027r69HxrjNhpyygiNA5r4GvsEn8gXs2D4yfzo=","Pn46MCS6IXf7RNquto5voWDyvhn0pyxwEtnoQgis6eY=","RYGoIav0tp3ic4EDaigYwFQd4VDtSohjT8ZbEvJx22w=","/LZuVG1Kw8mTkINv22fQ1IPDM9+jUrpfMvG6A9IYEV4=","A/k0tOXgNhTJvg0O3jqB1u4hp2yxi5vl2v5dMKb0AJ8=","6zpzkrI844FWARRFlPRm3F2k8IrToe0yS/edeR0McMo=","mGICGVnkzQPT/qd1k3487rxd54U8PmLVEyPMvXX7FHU=","W7HvJaaCbAaGZRO5TwYZyB9sXzapa6BFNyIstpO3YDE=","cBcQwt0QZSRLcsI2+nwXEAbkx1Dp7DLexdu5afuiqXg=","W2Uj+9SS0evLC6nHISbv9BP7TXngurWLTuD2d7eC+0E=","/cSfKEOC7JQtrPmClPQpkAP7jHgJTXbvw85UdWGT2QM=","VISSKXuqVmBU+SDEi9SJC1mGbYtyPJhokuOiGscZ5hM=","b5uux50pGMUh7gS5B0EFeEdrhSY2F5sZX356btFDkYY=","d10NPm/R3EjH/IyXZN1zKQ/KhfqG7g/iQvmzZxKOQO0=","9Lb4p5jQ6Ggf3YRB4nCNyq0lJN/O5WxsnnkfJHAf1Xs=","lwRii9BexWt08VPYVp/goraLQNCB5TsAPibQ+PezR0Q=","Lrw2DebIAanVZiqjwZYX7iIQp3TcbUVH+9AdGnV40fk=","I41uiPaj5n52UqHUVKHBWojmpdhUHDujfuwRitjbj5E=","mxXjrdb/LuwSl72Ol3H6YNRquXIvXmJl1Y2B2Xt0p28=","jvF7FHOhtGVyYiUkQG5eFfKZdogP27YtTRoK6cU79j4=","HZvPCkUErycwShmPZXvTfSSeVYhp5+Dfm058fmM0R3s=","dFqWY3cy0odCPhW/OXeX2jAltOHRTeN/sOIGnQmVVyc=","g92dXAlVbuhNgbJxXkz1GRP+j7YHCPahx2WoNu6rFuA=","k6sNlKE5gLcJCwkenX2PViqYAHUYRmettm9iqW2fru8=","xgljSipEiqO8QzeSbZ1dSnNonUQMQHh3So2oixCU/xQ="],"block_size":4096,"path":"popup.100f6462.js"},{"block_hashes":["1gALmfnujsnCZAxzWirR7zEyIG2tTj26g/8NkM4PvU4=","P3w/Bke3zV8JA4N0R98VkemxPQqtOXQwky3Xrx/K84U=","nhVGL7thUHKuZOpZr1pR3AupopwFLtqKj+WZR/07Lts=","uglyg8Yckfww0MxhXyIBpy7QxbwvpH1TWwL0n5gOvmM=","abJC50cTcntgoIXcv2vswJEYq8MpW4taUDsce4tlkR8=","XDASnzLXoDcyf1zmqqaanxDJqUMH3fQtRdIEYootRPo=","UsUuC+09DTjUH+s7xkSnq9B6J0+XtAVjZbZ4sebwMZI=","kjaaEdBbxa4piYdaoeFYqy53vTF9gNFDtKeM+UEiWUY=","/b7q47FPZPvdSk43zxiTyzbDTTOX5QC2Awt9fZbxqlc=","AhrBaj6wZjzo093zK49kWig+rurDTGLGmh4XF4HiIPM=","uWMsh3+P30eDH84v9ONZ+bI6S6tqpW97v+NO2/z2UYA=","t9HGfxxq2BkoNSJhQq8aNV4O0Xj/RBDenfGNbR7SXZQ=","FZlDMV2vkaH8gLzlIyS/RqHdmeiZWyJqd+VdZfM3AjE=","lWKC7ZX5YQMeNM/DUFMitSxB+Dm+toiVWmgZkyWAMVc=","IwwYinAnNOgIGi0OPTRZtx8R3v4HXcNtOqSW1i4QE3Y=","Zdvol0+H7N2ywL5uKMrmcturrI2zJQ4yYzSegumM6Dw=","LmjVvO9LKmxwTDPoN2v0R4TtdH/2nG20rWThv5ZUXwY=","aEjR53EaDHScdDr2lRw1Lfh/CNog5a22FpGooCiUj6g=","LZ5vvJ0DJ/Dz5njqv67iwZEWOo+ZkwW8kYHt0OUSD/I=","2tx0dXa0+JWPMq0HQWt1bt0Uhsn4/e/HwX1icw6l4OM=","/3xzEB5FLi3QkLLDY2ALU0KkzxdFKGiOETx1gZRUROg=","xBvSaqORoXh5G9lcaOtl1Q5beiOLuYWPkbjYRLu0NEw=","7mzp35tKzaF4FIEyHGqubjxDabOJ/fWSUPvx0HuHWgU=","ZHuwxavM924kBTFice9Y9NSCvNVHmrLNG+5RWCA82V8=","QpRPLbYoynsPa2HpwVsweG1QTtkmKhqjItEsPr5eGmw=","YrGWHs7zJeS/nrP9e3u3iQXNuUZTg+8O5D4r5ng8zfs=","sVrVcyLkiWTEtfRlmTA4FrW+iD4fFWH8uxTACeHi6wc=","Mp1qNlyRMFJVLRgriRHLYxT57UMhXhM9PM0Z1RFNk1k=","2FaxMKpGu35/dfjMOF1AICA3oQ9ayngBX2KtqkKmVhI=","EsizFYWyBQvg1jMcGv5Fuhq6bvscHOfggxrXN4pdcRw=","75e0skTZ0f7sZZnzD4HMzpwAZE8n2FErZAPwIyET2Bg=","SeobRVDiZPLa/ZLvpDPZpVuMRIC6XWBkGZBR4kuJGJs=","sCQflnj1HIcQ78Z4zHQF5hQYBXaPqtLBfbBMGGdYrJQ=","o5DpMbIJ+NMLXgm2g6z3d6Ph0eff0csuRD7KnwZ9xqE=","yoIfQjTTuCXZii/giEDm8yHxw74m644TKw3BomLZG64=","iRoqHBcXHWuKXhb7k2ljWwzfzQ92N9otmMTwkxB6enU=","vPgE0ZFT+0z0970O4cubQxFUUiwiaVV9dzvxvbCFs1s=","yNOQkPwNagW5V1Tnr/nRpBdWM7wXzEbD9ii6kKK9elo=","bwMn8QiOFObG0Tj4s2olmlB1zb6oAPXlIz5WUaBCxkk=","zk9KK3hRvE1kpYnWKnJyBCx6w0gNCng4WmpFVMv4vg8=","NNeQrlDG3MK2/sfMEAUKyAjkZZ4NGCTUppsOjH5baR8=","sTj9v5amrr0KbVhCz/977ovh0GlxQoqEepihYwKGzcQ=","TVR/VByOuxajK9xjTwdqUjIQkSkjYpkS3wOd+9BFcTM=","J49H8ueVFop1+9wJ/92S4VCHbZdoljlbaEY2z5j8Zs8=","UNOwFxNV9Lp9E5GgYpGORZJxhS66aiL82/HZz1TlAzo=","mHEK6oRCFkDXTixyRx9dbM++ehisQzPAutTW7FeC7H8=","2fWknxmWQTPdqRSaKLCBFMa5/gC1CDJL7kKkRQeRN7s=","vQgBlPr0HvP7HUayeRfW/v9r1XxjIeda/Em+cy3LFXo=","ANA6x7hrxwOve7AX1qLEoFzGvsBdBh35ujTZ8ys0DTk=","Ilu4nvizRLy+lsFq70aroVlVu8YwUf1YczE18/UgvaQ=","fV5yegTsd6INA+pHMHqtrDBxl3sCzUvb0OWEQ9ULS0Y=","Z+v7WKZj0RmHW8XLaCh6OWmcds/GXm+X4+zmWPe44lM=","83GoxWd6BlDZAtF6Yib0pqVktthnfMiHFhIg05JSIbs=","DO63NO/krS6jYnUYbNNcjoF0mKDJkuzQe7pkmo5bfMU=","kwBLW08SH0J9m5IpN5lGKeekrJSFteQbiW2tW1s+M1c=","ZQoNMqF7/NpJdUMzVnaSSYpQ8OWqJ2QDwx3KqRf8AOU=","V5X6HsoMfjo8a83vjm9phX91Z0d3kcZvBKeeNwuluWA=","3i1cdAYFf43vBnSQkmB08DYJshQWcWgOwNwYU1Yjqxk=","+a7F18olVL1Z1AbHMsV9xcp/N61hAyHc9EwpNxsqVX4=","4RmESq8f9IXSibqggVOQRgz3ABVfyykiq4GXYSzLsRo=","PSxXw7CjLkZHhTiSM2WTQHcdfHvrczKHeBzJbCuUVvk=","xCuOFCXI4sn8n+h/eyulineiwmgf0MOqy54NmPKaYyU=","9iA4GkPbHwN6BhbyteQkkmJ04zIYg57jHafyBG1m17A=","PNffJUn1plkNfXAZXVTRFLYSwGd2eg7CCsUd8D2kp8k=","BX5x+EqZQeL0JEddXzYrKsO8Sx+M2BTWxRft0uxEnng=","zsyAGQQ/kT02dE+Fu16EXX41u1uy7IrlArbaksAGA78=","TRgRKZjDt9KQM4azm6aryOc7CcvICDfZuok5tof9g04=","h7pWLzFxnc7C9MlueqOdRGpsf5eRAU1Ef3uAmrzIXiM=","el+ytPTI0eoY5j2GDVVV1RWZ2QvtmIkJLG2uXtnrSpg=","38uwuDslCU+O8fPZn99pwz0XdpPyO7ieLj4k69wAWvA=","1+b1NeCZ9sfG5lxhKrc5OdCvv/Ntd9P/4MKcK8N42Cc=","obCzm7EEL/EOZeOZeLObzlxp7asvTBoSFVxLLHG0HMo=","0g1uNx/JIo/os8tJTxxH/UAKm50/LsJjQ97xaa4eeME=","fSWUL35cB2e3MMy29YYgilm5TpZtMW1vxzlCWOb4wsk=","78oCmBDKJLR7iQ9RdY93ZMu13L7+J/9r2gdb/n/ywxI=","O4+Cm9zAtbjY6a3wm7CgCeiVN6LNM0rf6kR/5gOPCWE=","5vx5hsXZyEFhTGHLGddZ0ee5JgPZTd9ThVuV5W0SDYY=","fDIP4U1pOWNKa06JsrGJuM8seQYTQ0kHmKQkw0w6s2Y=","UGlLmOSgdXszL1GgtDfzwNS+FOF42mM6OCqxXaHEQQE=","c3e5fEy9AnJTb2GcpMh7WVDAORmq0bZ3VdtUoP7gYzQ=","19FL6yJU8C8bBHFR3jlZj98Po3OUUSy8Sw8axEpu5EY=","EZwboy+K3r8yvgcaRPkspH5ldNT1PcVwih1POvzAdo0=","2bFVecXiVIEseAL1/SQrqgnih38XM/DvUH5r/cZeSYo=","w1LoKpke2ovVRfkdG0Vt9x0WbaoFYmnFcSoXYqk63s0=","IbPMm2VgOBFOWSYSVD5kgxsYGFMsZXKEQL10xXwbV7U=","BroxlYEZ2eCzJGb+eo0j+Uypz68neysHf+2IAmv33Uk=","5t2OeMvRuUWYiw9YUFcSAwpHfBQNZ0hjTxJprLL7u7g=","bLRqf3eFLxZEUvfJUbnygco19zqVnVUZMNbwaE20nfw=","9Dg2QeISwgGiKcBC997B6EvqFYWNJupUkEPxdogR0yI=","+8WZCZmD6T+F4gnQf1uy2zdSXRJU03dhDiJyQPkUaps=","2OYuKUIaKr+lDNQnLSqFkKJgDLIWpAr9eSMrH8Mycn0=","PKvfA8+dST7xX2HEbEBvy3eo5w5J+p1wsaN0LCEe9Ks=","nJcqew9ldB+C2wBTJiqYzNs0rN+KlFXF4Lo8D4IOjqI=","YfYyInDnPRWpCjgZf3WoAy0aFMBMxMP9TRfEX+4n5Ck=","+0RILQCKeZUZ03MLJeXqn3MUSVz0t0POB3QvoBXyyGY=","a5jI2xfI5dfOIc+W27FxCyL+6tcjd6xtTVzQidbAOBk=","DhDdsle1L+6da+b/ReMxq8hhcvNTcOPvTeXzH2xgG40=","95lYBBwk85ZORg7Nh0fESEqhY7r/G5AUBEuuRi7gML8=","TSt8BBiPz0Tzfs3QtjgZ1s1IcKqRi05wQRiciVgGc/U=","RbRUdBP8Y8VNhIXdLfH2VDnxrg1AkRQythpiQ9tnWS4=","dPvgmj8yDLOf3Rqqif4h94Sdy6RHLnVwKEsAiVrvDLQ=","zQP8IM89ozQ88L3unEbrDwQC/HAtsGHsaCdX25zba7Y=","0MCdNigC6YDISALrofeMiDPQT4jdPabeMKZpYRl0/IE=","7miAHlBJlnfpAlio7saIQnaBhginAYzSdtrAj39Vkdc=","YzPs4YNEF3GHh87/GNr4zKxFRWpkfbLCGnc1os5qI18=","du04ze3qY9xvrsZOuxVB2/0zmUuGA/nZliG5ctNQsWs=","LUl4ZKbgfXBDpDbrF32p7YXo5Q4Zs+Cf1mx3SQIydgE=","brmoF500prtfnI8K1jDgU4aCkxtpxW6zB4K6OxKufvs=","BK/K348O/BFFkT2Xk5ZwQv/DhpZ3nh9CW/fG2g11OY4=","ZEunN/ojx8e5gGZBjKZlVe8FeaHrJLA0K1EaPfym3nM=","yyfimqtBpmk9C4LbuLM1zVEXwPll7nNeiAuUREsxz1A=","s51eMg3bP8sNKDv7QLclxghw59uiSbHCH6VFPiZhpwM=","hbEWzcGovrkDNOKontCGK9Uzoc2NywaJeL4dVHrNajY=","k6CEBiE6EoZB+AI/BExutXrURegnuSJgooBKK7Wh0qc=","YaCODPU1FfGYWhF+eD+kqedF2GbOEZJF3b1l3MT6VJw=","Ud4/y++1ZizKWPmlpGp97NrKlqOlSoEBw5lect1VsF8=","KeKjCTH+yuY+tOEG59Kl7ZQxDHZefzYXyMRDCn6kL4g=","VVk+MDoOgoWFf8tOm0ZWjCYHQ1guhqp4bVUdAQB5OXk=","4wXlAqoU4Byrlpu4eDIQ3c3jNQpOl9L14/IIfWwh6WY=","HuOGI9njuBEpRJD2XiMHOubRDlIExAW9bfvn+jQoKC8=","N/8Ak2KahnaTBo6TqNhXVbjti0hSsmMZDpDpBjzPpW8=","dpZ2cOEg0x9crgcLsljaqZViK8Rwbtkf/fGgrHRA5Zk=","cxRtWwZKBnKaSC6ZCAwkgKZTeIizAQNIInXT35C8p7E=","Zb/cbNvol3SFfUZ5ZlSpJ5dYg8pj9xgdKX5ExZhjd8c=","w3oisZii4gU6EMwl7cUveq/fj8QinCdblKq4XoR1REQ=","gckY92w1Kd2C4f16PTkQmoNUPRID9b72Ivfyfl42DUY=","hD3eXOINZwbVZZ/tUXxZpjRG+zF9GNOPD4H/ao34/Co=","FD9ObKOo7rcHg+s/WhedUEWcb5wdp0ITHvLCZMES2Aw=","RrdXVaeFujacbrVDSvSzQqjjCeV49Zsz4UbTbYm0rMo=","ctoXZiq4+L0aANs0Blr4G9fnDMKxokpfYZSY1PK/9SI=","g4CI8HCJnP01rmv9J1rlQNv6+OAAbqybUHMxQosb5Fo=","W8Gla/n3GcI7ciET8Y+V1TDpQLrrIDdjAJMwKIhCCV4=","zp69ikiDi0eeIY16f+Zob+zzpxmOS9782T6IFCDWq3s=","1HAX4Vi5/gRFpzbhIP02PcadM9x6qG5f1WJTx0AWdSk=","eefljGL3GYa+sG5Md0TQ9q9MdzwpJLbPZFQz8Y2eECo=","nBZX+v/QOPDPTgkFQbPWf57UNKfqyU0jGYCWjZxNL3I=","6l1I0u4c6o8VDC9zbucyU2qpfNaxr2k0W/oGym0ryLs=","5g0PLSv5nQ1g1U4sxvfvfcWMl9ILvaklYFmkb1eSQxI=","yy1mjsitNewtFNA2mPw7FZyMJ3iFH7WDvTw+l6ncr8Q=","nNIYATe+FKF8yhZGqpjJLDj9GJ4/pMkRkIt+Ia32DUA=","5jJZKhYQcY97Ibgxg3xGc8zx6CCDKQ0zb+W6eXk2Ih0=","9Uveu2HRkqBM9PoY+mh7lWe5atICnQ+Shy9wF2Se1UA=","L+9JXQSVWrGUnZWfZ9KXX9adVBNk5xGpFeURZirm6i0=","wUP16xSE5YZILkCQEbda+k5Z23qVtmHq5Di3DvoTnG8=","24dVL4UOFLgQYNsdjmn35Wgpxm04sWnhLjepxQiLfUU=","3o64QbzIbABkxYpHO8ITwq6o477TiQH/fQetTnxVn4o=","qFSMSOwuSJhxDcWDAxKbXyco4/289yLSqVDmlRur1D4=","EZTMQGFFKxiSCr94wfjgZ4IWUgH7WC0R13yC1VNXlmw=","17BqAm2rPSdYSURky3xPTRvJJzRGVuRa85l3uPhj+jU=","N7+EYgOh3U84fd4Ja11+m6xmnjiIsXyKTq9nRv5yQVA=","8VZt9rlZiooBEoM/+OAIJ/4PScB1VTzztc3GnLBg1ns=","9FgWvp2boOYHdpddPhAhHHyD9bu7zJBlasMGTrRHEoU=","aQtf0iDXwt6wcCV1ZAIT6IH/gIHZLP/G8UTcJgGYkTc=","5VKRPY6yiF+2yjyOTvYsPf7rrQlbm1pEpOH2QTLMk7I=","USFcRKYeYKBVxK4f+jaC9499I/cokaQml94V90olOnM=","E9REAcv4fVvjqMbRPAaYsi/jwrSCmOlcXyZImp6KZP4=","aiJfqHx8IsOK1llITdKJwspKg89ro9Qub7JBwmoNpAg=","x4xv+IxaYUk/Fcu6iDkK1gVUbkdIQjCqnsWkd+j46DA=","UVXkm5RXQB5zcvd039qqNu6ojqiZmcni4VGZhJij7mE=","BNrG1q4V2rjFXOklNXBSVbx+rhuBtx4OvV/WxTeYHj4=","Pm3IMIm02yK/XFEgDvaEnJDnXmDbrkZwb7+U4pWwqH0=","Rm9qTYA/dt+ornG6CMYYso1MZNtH3CUKeAG7QHEEVoE=","Bc+b5PVBG8oYlY56qygg4d24L0dDwzHs4gP/p59lbsY=","YQykpR1+Qr+lprNXJelN3tgcmkXcA3t+XbNQ8oMp/tQ=","KEP9Wof5CKFjgkidw+7dC+RaDorfvC93B3crdL/868U=","k9uNwWLIgvSTQm2GuHAd3zyP5yOPJX0vTB84G04UmxA=","e6mmNy2Ys9Xo/tmDw62tUxMHrL14rBAKyvQuSa6XD+4=","m7/Vuj+mt5n4aL82s0SFDluXHvftifqPKLSjaAtOQ8A=","MLEKKTrng0pn86aqNoR7fQ5S7pKwjIEN6j9O+4/cRIY=","0uFehg8YpbPSzSzg/lNnOWGBv93HlKYkqCar09TJL4c=","5QqhdMqbM+9Z48CK0E3At6G2J8vKB/8503YU0d2c0NM=","ZXZPIp52Bxtp6Ss1DakOOCgGeNY+QC94cM0P+8F5GdA=","Xor1nt2HIyekK8ZZuE3JMzrDc7lKnztY2htai4NmEnc=","c9HrOgmSyQU1oOR4XXgn5A/M1y6+vA3u8iq0gApFs9k=","vbTZi41VpODzqva1yToFiYPDlmYVtL7LoiuGILLLYfg=","GDEbLbu21BHpPZYLI6qqEbMnmQJYJbUexAiwc/GoOq8=","0b4TSxrF+vHDLgknzVuucObegupmK4v/EZ/TJN6a+ss=","S9wIGHGSsMccRzNEvCo6zDXtNYATj+6Ze5EMWtBpAbo=","KhxFDeD9lnHrn+Isxmlp4a2vLS78F9Vlc2DaablkSsA=","dEvnERrTDjklEgljiA18d/dTOAbT3Tb7QYXplm+oFys="],"block_size":4096,"path":"popup.ac224363.css"},{"block_hashes":["P1u8uwxx9b09i4QCjpl6kF5VLQCK1/WAr9VPciN8FWk="],"block_size":4096,"path":"popup.html"},{"block_hashes":["fph1djEdUwczE8VLKu4gIH2KnAAdwsWPLa3JAixHe8g=","nI9DDzJqYXBaI0u0nfez0V2yYdQIona0S2hz6jqsvpU=","qNJ/y7q9FHM+k+fv1+boccCXRiyQOHDTVZCIPvIzNfw=","RB1t0fPuXU61EG0rUmvL9RSwfxs2WjErUpvVoqf4S3g="],"block_size":4096,"path":"static/background/index.js"}],"version":2}